{
  "context": "client",
  "identifier": "com.pa.proeleert.hotbuild2",
  "display_name": "Hotbuild2",
  "description": "Map 1 Key to multiple build actions and more... (See forum link for screenshots and instructions.)",
  "author": "proeleert, tripax, cola_colin",
  "version": "1.46",
  "build": "94157",
  "date": "2016/05/03",
  "signature": " ",
  "forum": "https://forums.uberent.com/threads/rel-hotbuild2-57703.54561/",
  "category": [
    "classic",
    "titans",
    "ui"
  ],
  "icon": "http://pamods.github.io/icons/hotbuild2.png",
  "scenes": {
    "live_game": [
      "coui://ui/mods/hotbuild2/live_game/hotbuild_core.js"
    ],
    "live_game_build_bar": [
      "coui://ui/mods/hotbuild2/live_game/hotbuild.css",
      "coui://ui/mods/hotbuild2/live_game/hotbuild_buildbar.js"
    ],
    "live_game_selection": [
      "coui://ui/mods/hotbuild2/live_game/hotbuild.css",
      "coui://ui/mods/hotbuild2/live_game/hotbuild_selection.js"
    ],
    "LiveGame_FloatZone": [
      "coui://ui/mods/hotbuild2/live_game/hotbuild.css",
      "coui://ui/mods/hotbuild2/live_game/hotbuild_floatframe.js"
    ],
    "settings": [
      "coui://ui/mods/hotbuild2/settings/hotbuild_settings.css",
      "coui://ui/mods/hotbuild2/settings/hotbuild_settings.js"
    ],
    "global_mod_list": [
      "coui://ui/mods/hotbuild2/global_mod_list/hotbuild.js"
    ]
  },
  "enabled": true,
  "dependencies": [
    "com.pa.raevn.rblueprintinfoframework",
    "com.pa.raevn.rfloatframe"
  ]
}