{"uber":[{"key":"pause_game","title":"pause game","value":"break","options":{"title":"pause game","type":"keybind","set":"gameplay","display_group":"general","display_sub_group":"general","default":"break"},"type":"keybind","active":false,"conflicts":[],"hasConflict":false,"showClear":false},{"key":"show_hide_ar","title":"show/hide visual aid overlays","value":"ctrl+y","options":{"title":"show/hide visual aid overlays","type":"keybind","set":"general","display_group":"general","display_sub_group":"general","default":"ctrl+y"},"type":"keybind","active":false,"conflicts":[],"hasConflict":false,"showClear":false},{"key":"toggle_music","title":"toggle music","value":"ctrl+q","options":{"title":"toggle music","type":"keybind","set":"general","display_group":"general","display_sub_group":"general","default":"ctrl+s"},"type":"keybind","active":false,"conflicts":[],"hasConflict":false,"showClear":false},{"key":"toggle_fullscreen","title":"toggle fullscreen","value":"alt+enter","options":{"title":"toggle fullscreen","type":"keybind","set":"general","display_group":"general","display_sub_group":"general","default":"alt+enter"},"type":"keybind","active":false,"conflicts":[],"hasConflict":false,"showClear":false},{"key":"toggle_gamestats","title":"Show/Hide game stats","value":";","options":{"title":"Show/Hide game stats","type":"keybind","set":"general","display_group":"general","display_sub_group":"general","default":"tab"},"type":"keybind","active":false,"conflicts":[],"hasConflict":false,"showClear":false},{"key":"show_hide_ui","title":"show/hide UI","value":"ctrl+u","options":{"title":"show/hide UI","type":"keybind","set":"general","display_group":"general","display_sub_group":"general","default":"ctrl+u"},"type":"keybind","active":false,"conflicts":[],"hasConflict":false,"showClear":false},{"key":"modal_back","title":"navigate back/exit","value":"esc","options":{"title":"navigate back/exit","type":"keybind","set":"general","display_group":"general","display_sub_group":"general","default":"esc"},"type":"keybind","active":false,"conflicts":[],"hasConflict":false,"showClear":false},{"key":"show_hide_performance_panel","title":"show/hide performance panel","value":"ctrl+p","options":{"title":"show/hide performance panel","type":"keybind","set":"general","display_group":"general","display_sub_group":"general","default":"ctrl+p"},"type":"keybind","active":false,"conflicts":[],"hasConflict":false,"showClear":false},{"key":"normal_chat","title":"normal chat","value":"enter","options":{"title":"normal chat","type":"keybind","set":"general","display_group":"general","display_sub_group":"communication","default":"enter"},"type":"keybind","active":false,"conflicts":[],"hasConflict":false,"showClear":false},{"key":"team_chat","title":"team chat","value":"shift+enter","options":{"title":"team chat","type":"keybind","set":"general","display_group":"general","display_sub_group":"communication","default":"shift+enter"},"type":"keybind","active":false,"conflicts":[],"hasConflict":false,"showClear":false},{"key":"twitch_chat","title":"twitch chat","value":"ctrl+enter","options":{"title":"twitch chat","type":"keybind","set":"general","display_group":"general","display_sub_group":"communication","default":"ctrl+enter"},"type":"keybind","active":false,"conflicts":[],"hasConflict":false,"showClear":false},{"key":"command_mode_ping","title":"ping!","value":"p","options":{"title":"ping!","type":"keybind","set":"general","display_group":"general","display_sub_group":"alerts","default":"g"},"type":"keybind","active":false,"conflicts":[],"hasConflict":false,"showClear":false},{"key":"acknowledge_alert","title":"dismiss alert notification","value":"space","options":{"title":"dismiss alert notification","type":"keybind","set":"general","display_group":"general","display_sub_group":"alerts","default":"space"},"type":"keybind","active":false,"conflicts":[],"hasConflict":false,"showClear":false},{"key":"toggle_pips","title":"Show/Hide pip","value":"/","options":{"title":"Show/Hide pip","type":"keybind","set":"general","display_group":"general","display_sub_group":"picture-in-picture","default":"q"},"type":"keybind","active":false,"conflicts":[],"hasConflict":false,"showClear":false},{"key":"swap_pips","title":"swap pip","value":"shift+/","options":{"title":"swap pip","type":"keybind","set":"general","display_group":"general","display_sub_group":"picture-in-picture","default":"shift+q"},"type":"keybind","active":false,"conflicts":[],"hasConflict":false,"showClear":false},{"key":"copy_to_pip","title":"copy to pip","value":"alt+/","options":{"title":"copy to pip","type":"keybind","set":"general","display_group":"general","display_sub_group":"picture-in-picture","default":"alt+q"},"type":"keybind","active":false,"conflicts":[],"hasConflict":false,"showClear":false},{"key":"toggle_pip_mirror","title":"toggle pip mirror","value":"alt+m","options":{"title":"toggle pip mirror","type":"keybind","set":"general","display_group":"general","display_sub_group":"picture-in-picture","default":"alt+m"},"type":"keybind","active":false,"conflicts":[],"hasConflict":false,"showClear":false},{"key":"resume_at_latest_time","title":"resume at latest time","value":"","options":{"title":"resume at latest time","type":"keybind","set":"general","display_group":"general","display_sub_group":"chronocam","default":""},"type":"keybind","active":false,"conflicts":[],"hasConflict":false,"showClear":false},{"key":"play_forward_at_50","title":"play forward at 50%","value":"","options":{"title":"play forward at 50%","type":"keybind","set":"general","display_group":"general","display_sub_group":"chronocam","default":""},"type":"keybind","active":false,"conflicts":[],"hasConflict":false,"showClear":false},{"key":"play_forward_at_100","title":"play forward at 100%","value":"ctrl+]","options":{"title":"play forward at 100%","type":"keybind","set":"general","display_group":"general","display_sub_group":"chronocam","default":""},"type":"keybind","active":false,"conflicts":[],"hasConflict":false,"showClear":false},{"key":"play_backwards_at_50","title":"play backwards at 50%","value":"","options":{"title":"play backwards at 50%","type":"keybind","set":"general","display_group":"general","display_sub_group":"chronocam","default":""},"type":"keybind","active":false,"conflicts":[],"hasConflict":false,"showClear":false},{"key":"play_backwards_at_100","title":"play backwards at 100%","value":"","options":{"title":"play backwards at 100%","type":"keybind","set":"general","display_group":"general","display_sub_group":"chronocam","default":""},"type":"keybind","active":false,"conflicts":[],"hasConflict":false,"showClear":false},{"key":"pause_time","title":"pause time","value":"ctrl+[","options":{"title":"pause time","type":"keybind","set":"general","display_group":"general","display_sub_group":"chronocam","default":""},"type":"keybind","active":false,"conflicts":[],"hasConflict":false,"showClear":false},{"key":"last_pseudo_frame","title":"last pseudo frame","value":"","options":{"title":"last pseudo frame","type":"keybind","set":"general","display_group":"general","display_sub_group":"chronocam","default":""},"type":"keybind","active":false,"conflicts":[],"hasConflict":false,"showClear":false},{"key":"next_pseudo_frame","title":"next pseudo frame","value":"","options":{"title":"next pseudo frame","type":"keybind","set":"general","display_group":"general","display_sub_group":"chronocam","default":""},"type":"keybind","active":false,"conflicts":[],"hasConflict":false,"showClear":false},{"key":"toggle_twitch_streaming","title":"toggle twitch streaming","value":"","options":{"title":"toggle twitch streaming","type":"keybind","set":"general","display_group":"general","display_sub_group":"streaming","default":"f6"},"type":"keybind","active":false,"conflicts":[],"hasConflict":false,"showClear":false},{"key":"toggle_twitch_microphone","title":"toggle twitch microphone","value":"","options":{"title":"toggle twitch microphone","type":"keybind","set":"general","display_group":"general","display_sub_group":"streaming","default":"f7"},"type":"keybind","active":false,"conflicts":[],"hasConflict":false,"showClear":false},{"key":"toggle_twitch_system_audio_recording","title":"toggle twitch system audio recording","value":"","options":{"title":"toggle twitch system audio recording","type":"keybind","set":"general","display_group":"general","display_sub_group":"streaming","default":"f8"},"type":"keybind","active":false,"conflicts":[],"hasConflict":false,"showClear":false},{"key":"run_twitch_commercial","title":"run twitch commercial","value":"","options":{"title":"run twitch commercial","type":"keybind","set":"general","display_group":"general","display_sub_group":"streaming","default":"f9"},"type":"keybind","active":false,"conflicts":[],"hasConflict":false,"showClear":false},{"key":"select_commander","title":"select commander","value":"b","options":{"title":"select commander","type":"keybind","set":"units","display_group":"units","display_sub_group":"unit selection","default":"alt+c"},"type":"keybind","active":false,"conflicts":[],"hasConflict":false,"showClear":false},{"key":"select_idle_fabbers","title":"select idle fabbers","value":"j","options":{"title":"select idle fabbers","type":"keybind","set":"units","display_group":"units","display_sub_group":"unit selection","default":"f"},"type":"keybind","active":false,"conflicts":[],"hasConflict":false,"showClear":false},{"key":"select_all_factories","title":"select all factories","value":"ctrl+f","options":{"title":"select all factories","type":"keybind","set":"units","display_group":"units","display_sub_group":"unit selection","default":"shift+f1"},"type":"keybind","active":false,"conflicts":[],"hasConflict":false,"showClear":false},{"key":"select_all_idle_factories","title":"select all idle factories","value":"alt+f","options":{"title":"select all idle factories","type":"keybind","set":"units","display_group":"units","display_sub_group":"unit selection","default":"shift+f2"},"type":"keybind","active":false,"conflicts":[],"hasConflict":false,"showClear":false},{"key":"select_all_factories_on_screen","title":"select all factories on screen","value":"shift+ctrl+f","options":{"title":"select all factories on screen","type":"keybind","set":"units","display_group":"units","display_sub_group":"unit selection","default":"shift+f3"},"type":"keybind","active":false,"conflicts":[],"hasConflict":false,"showClear":false},{"key":"select_all_idle_factories_on_screen","title":"select all idle factories on screen","value":"alt+ctrl+f","options":{"title":"select all idle factories on screen","type":"keybind","set":"units","display_group":"units","display_sub_group":"unit selection","default":"shift+f4"},"type":"keybind","active":false,"conflicts":[],"hasConflict":false,"showClear":false},{"key":"select_all_combat_units_on_screen","title":"select all combat units on screen","value":"","options":{"title":"select all combat units on screen","type":"keybind","set":"units","display_group":"units","display_sub_group":"unit selection","default":"shift+f5"},"type":"keybind","active":false,"conflicts":[],"hasConflict":false,"showClear":false},{"key":"select_all_combat_units","title":"select all combat units","value":"","options":{"title":"select all combat units","type":"keybind","set":"units","display_group":"units","display_sub_group":"unit selection","default":"ctrl+shift+f6"},"type":"keybind","active":false,"conflicts":[],"hasConflict":false,"showClear":false},{"key":"select_all_land_combat_units_on_screen","title":"select all land combat units on screen","value":"ctrl+d","options":{"title":"select all land combat units on screen","type":"keybind","set":"units","display_group":"units","display_sub_group":"unit selection","default":"ctrl+shift+f6"},"type":"keybind","active":false,"conflicts":[],"hasConflict":false,"showClear":false},{"key":"select_all_land_combat_units","title":"select all land combat units","value":"shift+ctrl+d","options":{"title":"select all land combat units","type":"keybind","set":"units","display_group":"units","display_sub_group":"unit selection","default":"ctrl+shift+f7"},"type":"keybind","active":false,"conflicts":[],"hasConflict":false,"showClear":false},{"key":"select_all_air_combat_units_on_screen","title":"select all air combat units on screen","value":"ctrl+a","options":{"title":"select all air combat units on screen","type":"keybind","set":"units","display_group":"units","display_sub_group":"unit selection","default":"ctrl+shift+f8"},"type":"keybind","active":false,"conflicts":[],"hasConflict":false,"showClear":false},{"key":"select_all_air_combat_units","title":"select all air combat units","value":"shift+ctrl+a","options":{"title":"select all air combat units","type":"keybind","set":"units","display_group":"units","display_sub_group":"unit selection","default":"ctrl+shift+f9"},"type":"keybind","active":false,"conflicts":[],"hasConflict":false,"showClear":false},{"key":"select_all_naval_combat_units_on_screen","title":"select all naval combat units on screen","value":"shift+ctrl+s","options":{"title":"select all naval combat units on screen","type":"keybind","set":"units","display_group":"units","display_sub_group":"unit selection","default":"ctrl+shift+f10"},"type":"keybind","active":false,"conflicts":[],"hasConflict":false,"showClear":false},{"key":"select_all_naval_combat_units","title":"select all naval combat units","value":"ctrl+s","options":{"title":"select all naval combat units","type":"keybind","set":"units","display_group":"units","display_sub_group":"unit selection","default":"ctrl+shift+f4"},"type":"keybind","active":false,"conflicts":[],"hasConflict":false,"showClear":false},{"key":"select_all_matching_units_on_screen","title":"select all matching units on screen","value":"ctrl+z","options":{"title":"select all matching units on screen","type":"keybind","set":"units","display_group":"units","display_sub_group":"unit selection","default":"ctrl+z"},"type":"keybind","active":false,"conflicts":[],"hasConflict":false,"showClear":false},{"key":"command_mode_move","title":"move","value":"m","options":{"title":"move","type":"keybind","set":"units","display_group":"units","display_sub_group":"unit commands","default":"m"},"type":"keybind","active":false,"conflicts":[],"hasConflict":false,"showClear":false},{"key":"command_mode_attack","title":"attack","value":"a","options":{"title":"attack","type":"keybind","set":"units","display_group":"units","display_sub_group":"unit commands","default":"a"},"type":"keybind","active":false,"conflicts":[],"hasConflict":false,"showClear":false},{"key":"command_mode_assist","title":"assist","value":"i","options":{"title":"assist","type":"keybind","set":"units","display_group":"units","display_sub_group":"unit commands","default":"i"},"type":"keybind","active":false,"conflicts":[],"hasConflict":false,"showClear":false},{"key":"command_mode_repair","title":"repair","value":"","options":{"title":"repair","type":"keybind","set":"units","display_group":"units","display_sub_group":"unit commands","default":"r"},"type":"keybind","active":false,"conflicts":[],"hasConflict":false,"showClear":false},{"key":"command_mode_reclaim","title":"reclaim","value":"","options":{"title":"reclaim","type":"keybind","set":"units","display_group":"units","display_sub_group":"unit commands","default":"e"},"type":"keybind","active":false,"conflicts":[],"hasConflict":false,"showClear":false},{"key":"command_mode_patrol","title":"patrol","value":"z","options":{"title":"patrol","type":"keybind","set":"units","display_group":"units","display_sub_group":"unit commands","default":"p"},"type":"keybind","active":false,"conflicts":[],"hasConflict":false,"showClear":false},{"key":"command_mode_special_move","title":"special move","value":"","options":{"title":"special move","type":"keybind","set":"units","display_group":"units","display_sub_group":"unit commands","default":""},"type":"keybind","active":false,"conflicts":[],"hasConflict":false,"showClear":false},{"key":"command_mode_unload","title":"unload","value":"","options":{"title":"unload","type":"keybind","set":"units","display_group":"units","display_sub_group":"unit commands","default":""},"type":"keybind","active":false,"conflicts":[],"hasConflict":false,"showClear":false},{"key":"command_mode_load","title":"load","value":"","options":{"title":"load","type":"keybind","set":"units","display_group":"units","display_sub_group":"unit commands","default":""},"type":"keybind","active":false,"conflicts":[],"hasConflict":false,"showClear":false},{"key":"command_mode_alt_fire","title":"alt fire","value":"h","options":{"title":"alt fire","type":"keybind","set":"units","display_group":"units","display_sub_group":"unit commands","default":"d"},"type":"keybind","active":false,"conflicts":[],"hasConflict":false,"showClear":false},{"key":"stop_command","title":"stop","value":"q","options":{"title":"stop","type":"keybind","set":"units","display_group":"units","display_sub_group":"unit commands","default":"s"},"type":"keybind","active":false,"conflicts":[],"hasConflict":false,"showClear":false},{"key":"self_destruct_selected_unit","title":"self destruct selected unit","value":"del","options":{"title":"self destruct selected unit","type":"keybind","set":"units","display_group":"units","display_sub_group":"unit commands","default":"del"},"type":"keybind","active":false,"conflicts":[],"hasConflict":false,"showClear":false},{"key":"fire_at_will","title":"fire at will","value":"","options":{"title":"fire at will","type":"keybind","set":"units","display_group":"units","display_sub_group":"unit orders","default":""},"type":"keybind","active":false,"conflicts":[],"hasConflict":false,"showClear":false},{"key":"return_fire","title":"return fire","value":"","options":{"title":"return fire","type":"keybind","set":"units","display_group":"units","display_sub_group":"unit orders","default":""},"type":"keybind","active":false,"conflicts":[],"hasConflict":false,"showClear":false},{"key":"hold_fire","title":"hold fire","value":"","options":{"title":"hold fire","type":"keybind","set":"units","display_group":"units","display_sub_group":"unit orders","default":""},"type":"keybind","active":false,"conflicts":[],"hasConflict":false,"showClear":false},{"key":"toggle_fire_orders","title":"toggle fire orders","value":"","options":{"title":"toggle fire orders","type":"keybind","set":"units","display_group":"units","display_sub_group":"unit orders","default":"h"},"type":"keybind","active":false,"conflicts":[],"hasConflict":false,"showClear":false},{"key":"maneuver","title":"maneuver","value":"","options":{"title":"maneuver","type":"keybind","set":"units","display_group":"units","display_sub_group":"unit orders","default":""},"type":"keybind","active":false,"conflicts":[],"hasConflict":false,"showClear":false},{"key":"roam","title":"roam","value":"","options":{"title":"roam","type":"keybind","set":"units","display_group":"units","display_sub_group":"unit orders","default":""},"type":"keybind","active":false,"conflicts":[],"hasConflict":false,"showClear":false},{"key":"hold_position","title":"hold position","value":"","options":{"title":"hold position","type":"keybind","set":"units","display_group":"units","display_sub_group":"unit orders","default":""},"type":"keybind","active":false,"conflicts":[],"hasConflict":false,"showClear":false},{"key":"toggle_move_orders","title":"toggle move orders","value":"","options":{"title":"toggle move orders","type":"keybind","set":"units","display_group":"units","display_sub_group":"unit orders","default":"j"},"type":"keybind","active":false,"conflicts":[],"hasConflict":false,"showClear":false},{"key":"energy_on","title":"energy on","value":"","options":{"title":"energy on","type":"keybind","set":"units","display_group":"units","display_sub_group":"unit orders","default":""},"type":"keybind","active":false,"conflicts":[],"hasConflict":false,"showClear":false},{"key":"energy_off","title":"energy off","value":"","options":{"title":"energy off","type":"keybind","set":"units","display_group":"units","display_sub_group":"unit orders","default":""},"type":"keybind","active":false,"conflicts":[],"hasConflict":false,"showClear":false},{"key":"toggle_energy_orders","title":"toggle energy orders","value":"tab","options":{"title":"toggle energy orders","type":"keybind","set":"units","display_group":"units","display_sub_group":"unit orders","default":"k"},"type":"keybind","active":false,"conflicts":[],"hasConflict":false,"showClear":false},{"key":"capture_group_1","title":"capture group 1","value":"ctrl+1","options":{"title":"capture group 1","type":"keybind","set":"units","display_group":"units","display_sub_group":"unit capture groups","default":"ctrl+1"},"type":"keybind","active":false,"conflicts":[],"hasConflict":false,"showClear":false},{"key":"capture_group_2","title":"capture group 2","value":"ctrl+2","options":{"title":"capture group 2","type":"keybind","set":"units","display_group":"units","display_sub_group":"unit capture groups","default":"ctrl+2"},"type":"keybind","active":false,"conflicts":[],"hasConflict":false,"showClear":false},{"key":"capture_group_3","title":"capture group 3","value":"ctrl+3","options":{"title":"capture group 3","type":"keybind","set":"units","display_group":"units","display_sub_group":"unit capture groups","default":"ctrl+3"},"type":"keybind","active":false,"conflicts":[],"hasConflict":false,"showClear":false},{"key":"capture_group_4","title":"capture group 4","value":"ctrl+4","options":{"title":"capture group 4","type":"keybind","set":"units","display_group":"units","display_sub_group":"unit capture groups","default":"ctrl+4"},"type":"keybind","active":false,"conflicts":[],"hasConflict":false,"showClear":false},{"key":"capture_group_5","title":"capture group 5","value":"ctrl+5","options":{"title":"capture group 5","type":"keybind","set":"units","display_group":"units","display_sub_group":"unit capture groups","default":"ctrl+5"},"type":"keybind","active":false,"conflicts":[],"hasConflict":false,"showClear":false},{"key":"capture_group_6","title":"capture group 6","value":"ctrl+6","options":{"title":"capture group 6","type":"keybind","set":"units","display_group":"units","display_sub_group":"unit capture groups","default":"ctrl+6"},"type":"keybind","active":false,"conflicts":[],"hasConflict":false,"showClear":false},{"key":"capture_group_7","title":"capture group 7","value":"ctrl+7","options":{"title":"capture group 7","type":"keybind","set":"units","display_group":"units","display_sub_group":"unit capture groups","default":"ctrl+7"},"type":"keybind","active":false,"conflicts":[],"hasConflict":false,"showClear":false},{"key":"capture_group_8","title":"capture group 8","value":"ctrl+8","options":{"title":"capture group 8","type":"keybind","set":"units","display_group":"units","display_sub_group":"unit capture groups","default":"ctrl+8"},"type":"keybind","active":false,"conflicts":[],"hasConflict":false,"showClear":false},{"key":"capture_group_9","title":"capture group 9","value":"ctrl+9","options":{"title":"capture group 9","type":"keybind","set":"units","display_group":"units","display_sub_group":"unit capture groups","default":"ctrl+9"},"type":"keybind","active":false,"conflicts":[],"hasConflict":false,"showClear":false},{"key":"capture_group_0","title":"capture group 0","value":"ctrl+0","options":{"title":"capture group 0","type":"keybind","set":"units","display_group":"units","display_sub_group":"unit capture groups","default":"ctrl+0"},"type":"keybind","active":false,"conflicts":[],"hasConflict":false,"showClear":false},{"key":"recall_group_1","title":"recall group 1","value":"1","options":{"title":"recall group 1","type":"keybind","set":"units","display_group":"units","display_sub_group":"unit recall groups","default":"1"},"type":"keybind","active":false,"conflicts":[],"hasConflict":false,"showClear":false},{"key":"recall_group_2","title":"recall group 2","value":"2","options":{"title":"recall group 2","type":"keybind","set":"units","display_group":"units","display_sub_group":"unit recall groups","default":"2"},"type":"keybind","active":false,"conflicts":[],"hasConflict":false,"showClear":false},{"key":"recall_group_3","title":"recall group 3","value":"3","options":{"title":"recall group 3","type":"keybind","set":"units","display_group":"units","display_sub_group":"unit recall groups","default":"3"},"type":"keybind","active":false,"conflicts":[],"hasConflict":false,"showClear":false},{"key":"recall_group_4","title":"recall group 4","value":"4","options":{"title":"recall group 4","type":"keybind","set":"units","display_group":"units","display_sub_group":"unit recall groups","default":"4"},"type":"keybind","active":false,"conflicts":[],"hasConflict":false,"showClear":false},{"key":"recall_group_5","title":"recall group 5","value":"5","options":{"title":"recall group 5","type":"keybind","set":"units","display_group":"units","display_sub_group":"unit recall groups","default":"5"},"type":"keybind","active":false,"conflicts":[],"hasConflict":false,"showClear":false},{"key":"recall_group_6","title":"recall group 6","value":"6","options":{"title":"recall group 6","type":"keybind","set":"units","display_group":"units","display_sub_group":"unit recall groups","default":"6"},"type":"keybind","active":false,"conflicts":[],"hasConflict":false,"showClear":false},{"key":"recall_group_7","title":"recall group 7","value":"7","options":{"title":"recall group 7","type":"keybind","set":"units","display_group":"units","display_sub_group":"unit recall groups","default":"7"},"type":"keybind","active":false,"conflicts":[],"hasConflict":false,"showClear":false},{"key":"recall_group_8","title":"recall group 8","value":"8","options":{"title":"recall group 8","type":"keybind","set":"units","display_group":"units","display_sub_group":"unit recall groups","default":"8"},"type":"keybind","active":false,"conflicts":[],"hasConflict":false,"showClear":false},{"key":"recall_group_9","title":"recall group 9","value":"9","options":{"title":"recall group 9","type":"keybind","set":"units","display_group":"units","display_sub_group":"unit recall groups","default":"9"},"type":"keybind","active":false,"conflicts":[],"hasConflict":false,"showClear":false},{"key":"recall_group_0","title":"recall group 0","value":"0","options":{"title":"recall group 0","type":"keybind","set":"units","display_group":"units","display_sub_group":"unit recall groups","default":"0"},"type":"keybind","active":false,"conflicts":[],"hasConflict":false,"showClear":false},{"key":"start_build_vehicle","title":"select vehicle group","value":"","options":{"title":"select vehicle group","type":"keybind","set":"build","display_group":"build","display_sub_group":"build bar groups","default":"z"},"type":"keybind","active":false,"conflicts":[],"hasConflict":false,"showClear":false},{"key":"start_build_bot","title":"select bot group","value":"","options":{"title":"select bot group","type":"keybind","set":"build","display_group":"build","display_sub_group":"build bar groups","default":"x","allow_conflicts":{"key":["start_build_factory"]}},"type":"keybind","active":false,"conflicts":[],"hasConflict":false,"showClear":false},{"key":"start_build_air","title":"select air group","value":"","options":{"title":"select air group","type":"keybind","set":"build","display_group":"build","display_sub_group":"build bar groups","default":"c","allow_conflicts":{"key":["start_build_combat"]}},"type":"keybind","active":false,"conflicts":[],"hasConflict":false,"showClear":false},{"key":"start_build_sea","title":"select sea group","value":"","options":{"title":"select sea group","type":"keybind","set":"build","display_group":"build","display_sub_group":"build bar groups","default":"v","allow_conflicts":{"key":["start_build_utility"]}},"type":"keybind","active":false,"conflicts":[],"hasConflict":false,"showClear":false},{"key":"start_build_orbital_unit","title":"select orbital group (units)","value":"","options":{"title":"select orbital group (units)","type":"keybind","set":"build","display_group":"build","display_sub_group":"build bar groups","default":"b","allow_conflicts":{"key":["start_build_orbital_structure"]}},"type":"keybind","active":false,"conflicts":[],"hasConflict":false,"showClear":false},{"key":"start_build_factory","title":"select factory group","value":"","options":{"title":"select factory group","type":"keybind","set":"build","display_group":"build","display_sub_group":"build bar groups","default":"x","allow_conflicts":{"key":["start_build_bot"]}},"type":"keybind","active":false,"conflicts":[],"hasConflict":false,"showClear":false},{"key":"start_build_combat","title":"select combat group","value":"","options":{"title":"select combat group","type":"keybind","set":"build","display_group":"build","display_sub_group":"build bar groups","default":"c","allow_conflicts":{"key":["start_build_air"]}},"type":"keybind","active":false,"conflicts":[],"hasConflict":false,"showClear":false},{"key":"start_build_utility","title":"select utility group","value":"","options":{"title":"select utility group","type":"keybind","set":"build","display_group":"build","display_sub_group":"build bar groups","default":"v","allow_conflicts":{"key":["start_build_sea"]}},"type":"keybind","active":false,"conflicts":[],"hasConflict":false,"showClear":false},{"key":"start_build_orbital_structure","title":"select orbital group (buildings)","value":"","options":{"title":"select orbital group (buildings)","type":"keybind","set":"build","display_group":"build","display_sub_group":"build bar groups","default":"b","allow_conflicts":{"key":["start_build_orbital_unit"]}},"type":"keybind","active":false,"conflicts":[],"hasConflict":false,"showClear":false},{"key":"build_once","title":"build once","value":"","options":{"title":"build once","type":"keybind","set":"build","display_group":"build","display_sub_group":"build orders","default":""},"type":"keybind","active":false,"conflicts":[],"hasConflict":false,"showClear":false},{"key":"build_loop","title":"build loop","value":"","options":{"title":"build loop","type":"keybind","set":"build","display_group":"build","display_sub_group":"build orders","default":""},"type":"keybind","active":false,"conflicts":[],"hasConflict":false,"showClear":false},{"key":"toggle_build_orders","title":"toggle build orders","value":"o","options":{"title":"toggle build orders","type":"keybind","set":"build","display_group":"build","display_sub_group":"build orders","default":"l"},"type":"keybind","active":false,"conflicts":[],"hasConflict":false,"showClear":false},{"key":"build_item_1","title":"build item 1","value":"","options":{"title":"build item 1","type":"keybind","set":"build","display_group":"build","display_sub_group":"build items","default":"1","allow_conflicts":true},"type":"keybind","active":false,"conflicts":[],"hasConflict":false,"showClear":false},{"key":"build_item_2","title":"build item 2","value":"","options":{"title":"build item 2","type":"keybind","set":"build","display_group":"build","display_sub_group":"build items","default":"2","allow_conflicts":true},"type":"keybind","active":false,"conflicts":[],"hasConflict":false,"showClear":false},{"key":"build_item_3","title":"build item 3","value":"","options":{"title":"build item 3","type":"keybind","set":"build","display_group":"build","display_sub_group":"build items","default":"3","allow_conflicts":true},"type":"keybind","active":false,"conflicts":[],"hasConflict":false,"showClear":false},{"key":"build_item_4","title":"build item 4","value":"","options":{"title":"build item 4","type":"keybind","set":"build","display_group":"build","display_sub_group":"build items","default":"4","allow_conflicts":true},"type":"keybind","active":false,"conflicts":[],"hasConflict":false,"showClear":false},{"key":"build_item_5","title":"build item 5","value":"","options":{"title":"build item 5","type":"keybind","set":"build","display_group":"build","display_sub_group":"build items","default":"5","allow_conflicts":true},"type":"keybind","active":false,"conflicts":[],"hasConflict":false,"showClear":false},{"key":"build_item_6","title":"build item 6","value":"","options":{"title":"build item 6","type":"keybind","set":"build","display_group":"build","display_sub_group":"build items","default":"q","allow_conflicts":true},"type":"keybind","active":false,"conflicts":[],"hasConflict":false,"showClear":false},{"key":"build_item_7","title":"build item 7","value":"","options":{"title":"build item 7","type":"keybind","set":"build","display_group":"build","display_sub_group":"build items","default":"w","allow_conflicts":true},"type":"keybind","active":false,"conflicts":[],"hasConflict":false,"showClear":false},{"key":"build_item_8","title":"build item 8","value":"","options":{"title":"build item 8","type":"keybind","set":"build","display_group":"build","display_sub_group":"build items","default":"e","allow_conflicts":true},"type":"keybind","active":false,"conflicts":[],"hasConflict":false,"showClear":false},{"key":"build_item_9","title":"build item 9","value":"","options":{"title":"build item 9","type":"keybind","set":"build","display_group":"build","display_sub_group":"build items","default":"r","allow_conflicts":true},"type":"keybind","active":false,"conflicts":[],"hasConflict":false,"showClear":false},{"key":"build_item_10","title":"build item 10","value":"","options":{"title":"build item 10","type":"keybind","set":"build","display_group":"build","display_sub_group":"build items","default":"t","allow_conflicts":true},"type":"keybind","active":false,"conflicts":[],"hasConflict":false,"showClear":false},{"key":"build_item_11","title":"build item 11","value":"","options":{"title":"build item 11","type":"keybind","set":"build","display_group":"build","display_sub_group":"build items","default":"a","allow_conflicts":true},"type":"keybind","active":false,"conflicts":[],"hasConflict":false,"showClear":false},{"key":"build_item_12","title":"build item 12","value":"","options":{"title":"build item 12","type":"keybind","set":"build","display_group":"build","display_sub_group":"build items","default":"s","allow_conflicts":true},"type":"keybind","active":false,"conflicts":[],"hasConflict":false,"showClear":false},{"key":"build_item_13","title":"build item 13","value":"","options":{"title":"build item 13","type":"keybind","set":"build","display_group":"build","display_sub_group":"build items","default":"d","allow_conflicts":true},"type":"keybind","active":false,"conflicts":[],"hasConflict":false,"showClear":false},{"key":"build_item_14","title":"build item 14","value":"","options":{"title":"build item 14","type":"keybind","set":"build","display_group":"build","display_sub_group":"build items","default":"f","allow_conflicts":true},"type":"keybind","active":false,"conflicts":[],"hasConflict":false,"showClear":false},{"key":"build_item_15","title":"build item 15","value":"","options":{"title":"build item 15","type":"keybind","set":"build","display_group":"build","display_sub_group":"build items","default":"g","allow_conflicts":true},"type":"keybind","active":false,"conflicts":[],"hasConflict":false,"showClear":false},{"key":"set_default_camera","title":"set default camera","value":"","options":{"title":"set default camera","type":"keybind","set":"camera","display_group":"camera","display_sub_group":"modes","default":""},"type":"keybind","active":false,"conflicts":[],"hasConflict":false,"showClear":false},{"key":"set_free_camera","title":"set free camera","value":"ctrl+n","options":{"title":"set free camera","type":"keybind","set":"camera","display_group":"camera","display_sub_group":"modes","default":"ctrl+alt+m"},"type":"keybind","active":false,"conflicts":[],"hasConflict":false,"showClear":false},{"key":"set_debug_camera","title":"set debug camera","value":"","options":{"title":"set debug camera","type":"keybind","set":"camera","display_group":"camera","display_sub_group":"modes","default":""},"type":"keybind","active":false,"conflicts":[],"hasConflict":false,"showClear":false},{"key":"set_planet_camera","title":"set planet camera","value":"","options":{"title":"set planet camera","type":"keybind","set":"camera","display_group":"camera","display_sub_group":"modes","default":""},"type":"keybind","active":false,"conflicts":[],"hasConflict":false,"showClear":false},{"key":"toggle_free_camera","title":"toggle free camera","value":"","options":{"title":"toggle free camera","type":"keybind","set":"camera","display_group":"camera","display_sub_group":"modes","default":""},"type":"keybind","active":false,"conflicts":[],"hasConflict":false,"showClear":false},{"key":"toggle_debug_camera","title":"toggle debug camera","value":"ctrl+m","options":{"title":"toggle debug camera","type":"keybind","set":"camera","display_group":"camera","display_sub_group":"modes","default":"ctrl+m"},"type":"keybind","active":false,"conflicts":[],"hasConflict":false,"showClear":false},{"key":"camera_move_left","title":"move left","value":"left","options":{"title":"move left","type":"keybind","set":"camera controls","display_group":"camera","display_sub_group":"direction","default":"left"},"type":"keybind","active":false,"conflicts":[],"hasConflict":false,"showClear":false},{"key":"camera_move_right","title":"move right","value":"right","options":{"title":"move right","type":"keybind","set":"camera controls","display_group":"camera","display_sub_group":"direction","default":"right"},"type":"keybind","active":false,"conflicts":[],"hasConflict":false,"showClear":false},{"key":"camera_move_up","title":"move up","value":"up","options":{"title":"move up","type":"keybind","set":"camera controls","display_group":"camera","display_sub_group":"direction","default":"up"},"type":"keybind","active":false,"conflicts":[],"hasConflict":false,"showClear":false},{"key":"camera_move_down","title":"move down","value":"down","options":{"title":"move down","type":"keybind","set":"camera controls","display_group":"camera","display_sub_group":"direction","default":"down"},"type":"keybind","active":false,"conflicts":[],"hasConflict":false,"showClear":false},{"key":"camera_zoom_in","title":"zoom in","value":"","options":{"title":"zoom in","type":"keybind","set":"camera controls","display_group":"camera","display_sub_group":"FOV","default":""},"type":"keybind","active":false,"conflicts":[],"hasConflict":false,"showClear":false},{"key":"camera_zoom_out","title":"zoom out","value":"","options":{"title":"zoom out","type":"keybind","set":"camera controls","display_group":"camera","display_sub_group":"FOV","default":""},"type":"keybind","active":false,"conflicts":[],"hasConflict":false,"showClear":false},{"key":"zoom_to_surface","title":"zoom to surface","value":"","options":{"title":"zoom to surface","type":"keybind","set":"camera","display_group":"camera","display_sub_group":"zoom","default":""},"type":"keybind","active":false,"conflicts":[],"hasConflict":false,"showClear":false},{"key":"zoom_to_air","title":"zoom to air","value":"","options":{"title":"zoom to air","type":"keybind","set":"camera","display_group":"camera","display_sub_group":"zoom","default":""},"type":"keybind","active":false,"conflicts":[],"hasConflict":false,"showClear":false},{"key":"zoom_to_orbital","title":"zoom to orbital","value":"","options":{"title":"zoom to orbital","type":"keybind","set":"camera","display_group":"camera","display_sub_group":"zoom","default":""},"type":"keybind","active":false,"conflicts":[],"hasConflict":false,"showClear":false},{"key":"zoom_to_celestial","title":"zoom to celestial","value":"","options":{"title":"zoom to celestial","type":"keybind","set":"camera","display_group":"camera","display_sub_group":"zoom","default":""},"type":"keybind","active":false,"conflicts":[],"hasConflict":false,"showClear":false},{"key":"previous_planet","title":"jump to previous planet","value":"","options":{"title":"jump to previous planet","type":"keybind","set":"camera","display_group":"camera","display_sub_group":"planet jump","default":""},"type":"keybind","active":false,"conflicts":[],"hasConflict":false,"showClear":false},{"key":"next_planet","title":"jump to next planet","value":",","options":{"title":"jump to next planet","type":"keybind","set":"camera","display_group":"camera","display_sub_group":"planet jump","default":","},"type":"keybind","active":false,"conflicts":[],"hasConflict":false,"showClear":false},{"key":"track_selection_with_camera","title":"track selection with camera","value":"","options":{"title":"track selection with camera","type":"keybind","set":"camera","display_group":"camera","display_sub_group":"tracking & alignment","default":"t"},"type":"keybind","active":false,"conflicts":[],"hasConflict":false,"showClear":false},{"key":"align_to_pole","title":"align to pole","value":"","options":{"title":"align to pole","type":"keybind","set":"camera","display_group":"camera","display_sub_group":"tracking & alignment","default":"n"},"type":"keybind","active":false,"conflicts":[],"hasConflict":false,"showClear":false},{"key":"free_move_left","title":"free move left","value":"a","options":{"title":"free move left","type":"keybind","set":"camera","display_group":"camera","display_sub_group":"free movement","default":"a","allow_conflicts":true},"type":"keybind","active":false,"conflicts":[],"hasConflict":false,"showClear":false},{"key":"free_move_right","title":"free move right","value":"d","options":{"title":"free move right","type":"keybind","set":"camera","display_group":"camera","display_sub_group":"free movement","default":"d","allow_conflicts":true},"type":"keybind","active":false,"conflicts":[],"hasConflict":false,"showClear":false},{"key":"free_move_up","title":"free move up","value":"r","options":{"title":"free move up","type":"keybind","set":"camera","display_group":"camera","display_sub_group":"free movement","default":"r","allow_conflicts":true},"type":"keybind","active":false,"conflicts":[],"hasConflict":false,"showClear":false},{"key":"free_move_down","title":"free move down","value":"f","options":{"title":"free move down","type":"keybind","set":"camera","display_group":"camera","display_sub_group":"free movement","default":"f","allow_conflicts":true},"type":"keybind","active":false,"conflicts":[],"hasConflict":false,"showClear":false},{"key":"free_move_forward","title":"free move forward","value":"w","options":{"title":"free move forward","type":"keybind","set":"camera","display_group":"camera","display_sub_group":"free movement","default":"w","allow_conflicts":true},"type":"keybind","active":false,"conflicts":[],"hasConflict":false,"showClear":false},{"key":"free_move_backward","title":"free move backward","value":"s","options":{"title":"free move backward","type":"keybind","set":"camera","display_group":"camera","display_sub_group":"free movement","default":"s","allow_conflicts":true},"type":"keybind","active":false,"conflicts":[],"hasConflict":false,"showClear":false},{"key":"free_roll_left","title":"free roll left","value":"u","options":{"title":"free roll left","type":"keybind","set":"camera","display_group":"camera","display_sub_group":"free movement","default":"u","allow_conflicts":true},"type":"keybind","active":false,"conflicts":[],"hasConflict":false,"showClear":false},{"key":"free_roll_right","title":"free roll right","value":"o","options":{"title":"free roll right","type":"keybind","set":"camera","display_group":"camera","display_sub_group":"free movement","default":"o","allow_conflicts":true},"type":"keybind","active":false,"conflicts":[],"hasConflict":false,"showClear":false},{"key":"free_pitch_forward","title":"free pitch forward","value":"i","options":{"title":"free pitch forward","type":"keybind","set":"camera","display_group":"camera","display_sub_group":"free movement","default":"i","allow_conflicts":true},"type":"keybind","active":false,"conflicts":[],"hasConflict":false,"showClear":false},{"key":"free_pitch_backward","title":"free pitch backward","value":"k","options":{"title":"free pitch backward","type":"keybind","set":"camera","display_group":"camera","display_sub_group":"free movement","default":"k","allow_conflicts":true},"type":"keybind","active":false,"conflicts":[],"hasConflict":false,"showClear":false},{"key":"free_yaw_left","title":"free yaw left","value":"j","options":{"title":"free yaw left","type":"keybind","set":"camera","display_group":"camera","display_sub_group":"free movement","default":"j","allow_conflicts":true},"type":"keybind","active":false,"conflicts":[],"hasConflict":false,"showClear":false},{"key":"free_yaw_right","title":"free yaw right","value":"l","options":{"title":"free yaw right","type":"keybind","set":"camera","display_group":"camera","display_sub_group":"free movement","default":"l","allow_conflicts":true},"type":"keybind","active":false,"conflicts":[],"hasConflict":false,"showClear":false},{"key":"free_zoom_in","title":"free zoom in","value":"q","options":{"title":"free zoom in","type":"keybind","set":"camera","display_group":"camera","display_sub_group":"free movement","default":"q","allow_conflicts":true},"type":"keybind","active":false,"conflicts":[],"hasConflict":false,"showClear":false},{"key":"free_zoom_out","title":"free zoom out","value":"e","options":{"title":"free zoom out","type":"keybind","set":"camera","display_group":"camera","display_sub_group":"free movement","default":"e","allow_conflicts":true},"type":"keybind","active":false,"conflicts":[],"hasConflict":false,"showClear":false},{"key":"capture_anchor_1","title":"capture anchor 1","value":"ctrl+f1","options":{"title":"capture anchor 1","type":"keybind","set":"camera","display_group":"camera","display_sub_group":"capture anchor","default":"shift+1"},"type":"keybind","active":false,"conflicts":[],"hasConflict":false,"showClear":false},{"key":"capture_anchor_2","title":"capture anchor 2","value":"ctrl+f2","options":{"title":"capture anchor 2","type":"keybind","set":"camera","display_group":"camera","display_sub_group":"capture anchor","default":"shift+2"},"type":"keybind","active":false,"conflicts":[],"hasConflict":false,"showClear":false},{"key":"capture_anchor_3","title":"capture anchor 3","value":"ctrl+f3","options":{"title":"capture anchor 3","type":"keybind","set":"camera","display_group":"camera","display_sub_group":"capture anchor","default":"shift+3"},"type":"keybind","active":false,"conflicts":[],"hasConflict":false,"showClear":false},{"key":"capture_anchor_4","title":"capture anchor 4","value":"ctrl+f4","options":{"title":"capture anchor 4","type":"keybind","set":"camera","display_group":"camera","display_sub_group":"capture anchor","default":"shift+4"},"type":"keybind","active":false,"conflicts":[],"hasConflict":false,"showClear":false},{"key":"capture_anchor_5","title":"capture anchor 5","value":"ctrl+f5","options":{"title":"capture anchor 5","type":"keybind","set":"camera","display_group":"camera","display_sub_group":"capture anchor","default":"shift+5"},"type":"keybind","active":false,"conflicts":[],"hasConflict":false,"showClear":false},{"key":"capture_anchor_6","title":"capture anchor 6","value":"ctrl+f6","options":{"title":"capture anchor 6","type":"keybind","set":"camera","display_group":"camera","display_sub_group":"capture anchor","default":"shift+6"},"type":"keybind","active":false,"conflicts":[],"hasConflict":false,"showClear":false},{"key":"capture_anchor_7","title":"capture anchor 7","value":"ctrl+f7","options":{"title":"capture anchor 7","type":"keybind","set":"camera","display_group":"camera","display_sub_group":"capture anchor","default":"shift+7"},"type":"keybind","active":false,"conflicts":[],"hasConflict":false,"showClear":false},{"key":"capture_anchor_8","title":"capture anchor 8","value":"ctrl+f8","options":{"title":"capture anchor 8","type":"keybind","set":"camera","display_group":"camera","display_sub_group":"capture anchor","default":"shift+8"},"type":"keybind","active":false,"conflicts":[],"hasConflict":false,"showClear":false},{"key":"capture_anchor_9","title":"capture anchor 9","value":"ctrl+f9","options":{"title":"capture anchor 9","type":"keybind","set":"camera","display_group":"camera","display_sub_group":"capture anchor","default":"shift+9"},"type":"keybind","active":false,"conflicts":[],"hasConflict":false,"showClear":false},{"key":"capture_anchor_0","title":"capture anchor 10","value":"ctrl+f10","options":{"title":"capture anchor 10","type":"keybind","set":"camera","display_group":"camera","display_sub_group":"capture anchor","default":"shift+0"},"type":"keybind","active":false,"conflicts":[],"hasConflict":false,"showClear":false},{"key":"recall_anchor_1","title":"recall anchor 1","value":"f1","options":{"title":"recall anchor 1","type":"keybind","set":"camera","display_group":"camera","display_sub_group":"recall anchor","default":"alt+1"},"type":"keybind","active":false,"conflicts":[],"hasConflict":false,"showClear":false},{"key":"recall_anchor_2","title":"recall anchor 2","value":"f2","options":{"title":"recall anchor 2","type":"keybind","set":"camera","display_group":"camera","display_sub_group":"recall anchor","default":"alt+2"},"type":"keybind","active":false,"conflicts":[],"hasConflict":false,"showClear":false},{"key":"recall_anchor_3","title":"recall anchor 3","value":"f3","options":{"title":"recall anchor 3","type":"keybind","set":"camera","display_group":"camera","display_sub_group":"recall anchor","default":"alt+3"},"type":"keybind","active":false,"conflicts":[],"hasConflict":false,"showClear":false},{"key":"recall_anchor_4","title":"recall anchor 4","value":"f4","options":{"title":"recall anchor 4","type":"keybind","set":"camera","display_group":"camera","display_sub_group":"recall anchor","default":"alt+4"},"type":"keybind","active":false,"conflicts":[],"hasConflict":false,"showClear":false},{"key":"recall_anchor_5","title":"recall anchor 5","value":"f5","options":{"title":"recall anchor 5","type":"keybind","set":"camera","display_group":"camera","display_sub_group":"recall anchor","default":"alt+5"},"type":"keybind","active":false,"conflicts":[],"hasConflict":false,"showClear":false},{"key":"recall_anchor_6","title":"recall anchor 6","value":"f6","options":{"title":"recall anchor 6","type":"keybind","set":"camera","display_group":"camera","display_sub_group":"recall anchor","default":"alt+6"},"type":"keybind","active":false,"conflicts":[],"hasConflict":false,"showClear":false},{"key":"recall_anchor_7","title":"recall anchor 7","value":"f7","options":{"title":"recall anchor 7","type":"keybind","set":"camera","display_group":"camera","display_sub_group":"recall anchor","default":"alt+7"},"type":"keybind","active":false,"conflicts":[],"hasConflict":false,"showClear":false},{"key":"recall_anchor_8","title":"recall anchor 8","value":"f8","options":{"title":"recall anchor 8","type":"keybind","set":"camera","display_group":"camera","display_sub_group":"recall anchor","default":"alt+8"},"type":"keybind","active":false,"conflicts":[],"hasConflict":false,"showClear":false},{"key":"recall_anchor_9","title":"recall anchor 9","value":"f9","options":{"title":"recall anchor 9","type":"keybind","set":"camera","display_group":"camera","display_sub_group":"recall anchor","default":"alt+9"},"type":"keybind","active":false,"conflicts":[],"hasConflict":false,"showClear":false},{"key":"recall_anchor_0","title":"recall anchor 0","value":"f10","options":{"title":"recall anchor 0","type":"keybind","set":"camera","display_group":"camera","display_sub_group":"recall anchor","default":"alt+0"},"type":"keybind","active":false,"conflicts":[],"hasConflict":false,"showClear":false},{"key":"increase_camera_pan_speed","title":"increase camera pan speed","value":"","options":{"title":"increase camera pan speed","type":"keybind","set":"camera","display_group":"camera","display_sub_group":"tuning","default":""},"type":"keybind","active":false,"conflicts":[],"hasConflict":false,"showClear":false},{"key":"decrease_camera_pan_speed","title":"decrease camera pan speed","value":"","options":{"title":"decrease camera pan speed","type":"keybind","set":"camera","display_group":"camera","display_sub_group":"tuning","default":""},"type":"keybind","active":false,"conflicts":[],"hasConflict":false,"showClear":false},{"key":"smooth_zoom_out","title":"smooth zoom out","value":"","options":{"title":"smooth zoom out","type":"keybind","set":"camera","display_group":"camera","display_sub_group":"tuning","default":""},"type":"keybind","active":false,"conflicts":[],"hasConflict":false,"showClear":false},{"key":"smooth_zoom_in","title":"smooth zoom in","value":"","options":{"title":"smooth zoom in","type":"keybind","set":"camera","display_group":"camera","display_sub_group":"tuning","default":""},"type":"keybind","active":false,"conflicts":[],"hasConflict":false,"showClear":false},{"key":"abort","title":"abort","value":"","options":{"title":"abort","type":"keybind","set":"dev mode","display_group":"dev mode","display_sub_group":"","default":""},"type":"keybind","active":false,"conflicts":[],"hasConflict":false,"showClear":false},{"key":"crash","title":"crash","value":"","options":{"title":"crash","type":"keybind","set":"dev mode","display_group":"dev mode","display_sub_group":"","default":""},"type":"keybind","active":false,"conflicts":[],"hasConflict":false,"showClear":false},{"key":"reload_view","title":"reload view","value":"f11","options":{"title":"reload view","type":"keybind","set":"dev mode","display_group":"dev mode","display_sub_group":"","default":"f5"},"type":"keybind","active":false,"conflicts":[],"hasConflict":false,"showClear":false},{"key":"toggle_audio_logging","title":"toggle audio logging","value":"","options":{"title":"toggle audio logging","type":"keybind","set":"dev mode","display_group":"dev mode","display_sub_group":"","default":""},"type":"keybind","active":false,"conflicts":[],"hasConflict":false,"showClear":false},{"key":"quick_profile","title":"quick profile","value":"","options":{"title":"quick profile","type":"keybind","set":"dev mode","display_group":"dev mode","display_sub_group":"","default":"ctrl+f11"},"type":"keybind","active":false,"conflicts":[],"hasConflict":false,"showClear":false},{"key":"bug_report","title":"bug report","value":"","options":{"title":"bug report","type":"keybind","set":"dev mode","display_group":"dev mode","display_sub_group":"","default":"ctrl+f10"},"type":"keybind","active":false,"conflicts":[],"hasConflict":false,"showClear":false},{"key":"toggle_nav_debug","title":"toggle nav debug","value":"ctrl+f11","options":{"title":"toggle nav debug","type":"keybind","set":"dev mode","display_group":"dev mode","display_sub_group":"","default":"ctrl+alt+f11"},"type":"keybind","active":false,"conflicts":[],"hasConflict":false,"showClear":false},{"key":"toggle_console","title":"toggle console","value":"","options":{"title":"toggle console","type":"keybind","set":"dev mode","display_group":"dev mode","display_sub_group":"","default":"`"},"type":"keybind","active":false,"conflicts":[],"hasConflict":false,"showClear":false},{"key":"set_army_from_hover","title":"set army from hover","value":"","options":{"title":"set army from hover","type":"keybind","set":"dev mode","display_group":"dev mode","display_sub_group":"","default":"ctrl+b"},"type":"keybind","active":false,"conflicts":[],"hasConflict":false,"showClear":false},{"key":"copy_unit","title":"copy unit","value":"","options":{"title":"copy unit","type":"keybind","set":"dev mode","display_group":"dev mode","display_sub_group":"","default":"ctrl+c"},"type":"keybind","active":false,"conflicts":[],"hasConflict":false,"showClear":false},{"key":"paste_unit","title":"paste unit","value":"","options":{"title":"paste unit","type":"keybind","set":"dev mode","display_group":"dev mode","display_sub_group":"","default":"ctrl+v"},"type":"keybind","active":false,"conflicts":[],"hasConflict":false,"showClear":false},{"key":"toggle_fow","title":"toggle FOW","value":"","options":{"title":"toggle FOW","type":"keybind","set":"dev mode","display_group":"dev mode","display_sub_group":"","default":"ctrl+j"},"type":"keybind","active":false,"conflicts":[],"hasConflict":false,"showClear":false},{"key":"build_avatar","title":"build avatar","value":"","options":{"title":"build avatar","type":"keybind","set":"dev mode","display_group":"dev mode","display_sub_group":"","default":"alt+f1"},"type":"keybind","active":false,"conflicts":[],"hasConflict":false,"showClear":false},{"key":"build_avatar_factory","title":"build avatar factory","value":"","options":{"title":"build avatar factory","type":"keybind","set":"dev mode","display_group":"dev mode","display_sub_group":"","default":"alt+f2"},"type":"keybind","active":false,"conflicts":[],"hasConflict":false,"showClear":false},{"key":"enable_navigation_debug_info","title":"enable navigation debug info","value":"","options":{"title":"enable navigation debug info","type":"keybind","set":"dev mode","display_group":"dev mode","display_sub_group":"","default":""},"type":"keybind","active":false,"conflicts":[],"hasConflict":false,"showClear":false},{"key":"disable_navigation_debug_info","title":"disable navigation debug info","value":"","options":{"title":"disable navigation debug info","type":"keybind","set":"dev mode","display_group":"dev mode","display_sub_group":"","default":""},"type":"keybind","active":false,"conflicts":[],"hasConflict":false,"showClear":false},{"key":"publish_server_mods","title":"publish server mods","value":"","options":{"title":"publish server mods","type":"keybind","set":"dev mode","display_group":"dev mode","display_sub_group":"","default":"ctrl+alt+p"},"type":"keybind","active":false,"conflicts":[],"hasConflict":false,"showClear":false},{"key":"hotbuild_lock_pole","title":"Lock Pole Toggle","value":".","options":{"title":"Lock Pole Toggle","type":"keybind","set":"hotbuild","display_group":"hotbuild","display_sub_group":"hotbuild","default":"y"},"type":"keybind","active":false,"conflicts":[],"hasConflict":false,"showClear":false},{"key":"hotbuild_toggle","title":"Hotbuild Toggle","value":"","options":{"title":"Hotbuild Toggle","type":"keybind","set":"hotbuild","display_group":"hotbuild","display_sub_group":"hotbuild","default":""},"type":"keybind","active":false,"conflicts":[],"hasConflict":false,"showClear":false},{"key":"hotbuild_hotselect","title":"HotSelect Toggle","value":"","options":{"title":"HotSelect Toggle","type":"keybind","set":"hotbuild","display_group":"hotbuild","display_sub_group":"hotbuild","default":""},"type":"keybind","active":false,"conflicts":[],"hasConflict":false,"showClear":false}],"hotbuildglobalkey":{"hotbuild1s":"w","hotbuild2s":"e","hotbuild3s":"r","hotbuild4s":"t","hotbuild5s":"f","hotbuild6s":"s","hotbuild7s":"x","hotbuild8s":"c","hotbuild9s":"v","hotbuild10s":"d","hotbuild11s":"g","hotbuild12s":"n","hotbuild13s":"y","hotbuild14s":"k"},"hotbuildglobal":{"hotbuild1s":[{"json":"/pa/units/land/vehicle_factory/vehicle_factory.json"},{"json":"/pa/units/land/bot_factory/bot_factory.json"},{"json":"/pa/units/land/fabrication_bot_adv/fabrication_bot_adv.json"},{"json":"/pa/units/land/fabrication_bot/fabrication_bot.json"},{"json":"/pa/units/land/fabrication_vehicle_adv/fabrication_vehicle_adv.json"},{"json":"/pa/units/land/fabrication_vehicle/fabrication_vehicle.json"},{"json":"/pa/units/air/fabrication_aircraft_adv/fabrication_aircraft_adv.json"},{"json":"/pa/units/air/fabrication_aircraft/fabrication_aircraft.json"},{"json":"/pa/units/sea/fabrication_ship/fabrication_ship.json"},{"json":"/pa/units/sea/fabrication_ship_adv/fabrication_ship_adv.json"}],"hotbuild2s":[{"json":"/pa/units/air/air_factory/air_factory.json"},{"json":"/pa/units/sea/naval_factory/naval_factory.json"},{"json":"/pa/units/orbital/orbital_launcher/orbital_launcher.json"},{"json":"/pa/units/land/land_scout/land_scout.json"},{"json":"/pa/units/air/air_scout/air_scout.json"},{"json":"/pa/units/sea/sea_scout/sea_scout.json"}],"hotbuild3s":[{"json":"/pa/units/land/radar_adv/radar_adv.json"},{"json":"/pa/units/land/radar/radar.json"},{"json":"/pa/units/orbital/deep_space_radar/deep_space_radar.json"},{"json":"/pa/units/air/fighter/fighter.json"},{"json":"/pa/units/land/aa_missile_vehicle/aa_missile_vehicle.json"},{"json":"/pa/units/sea/frigate/frigate.json"}],"hotbuild4s":[{"json":"/pa/units/land/vehicle_factory_adv/vehicle_factory_adv.json"},{"json":"/pa/units/land/bot_factory_adv/bot_factory_adv.json"},{"json":"/pa/units/air/air_factory_adv/air_factory_adv.json"},{"json":"/pa/units/sea/naval_factory_adv/naval_factory_adv.json"},{"json":"/pa/units/land/assault_bot/assault_bot.json"},{"json":"/pa/units/land/assault_bot_adv/assault_bot_adv.json"},{"json":"/pa/units/land/tank_laser_adv/tank_laser_adv.json"},{"json":"/pa/units/land/tank_light_laser/tank_light_laser.json"},{"json":"/pa/units/air/bomber_adv/bomber_adv.json"},{"json":"/pa/units/air/bomber/bomber.json"},{"json":"/pa/units/sea/destroyer/destroyer.json"},{"json":"/pa/units/sea/battleship/battleship.json"},{"json":"/pa/units/orbital/orbital_fighter/orbital_fighter.json"}],"hotbuild5s":[{"json":"/pa/units/land/energy_plant_adv/energy_plant_adv.json"},{"json":"/pa/units/land/energy_plant/energy_plant.json"}],"hotbuild6s":[{"json":"/pa/units/land/metal_extractor_adv/metal_extractor_adv.json"},{"json":"/pa/units/land/metal_extractor/metal_extractor.json"}],"hotbuild7s":[{"json":"/pa/units/land/laser_defense_adv/laser_defense_adv.json"},{"json":"/pa/units/land/laser_defense/laser_defense.json"},{"json":"/pa/units/land/laser_defense_single/laser_defense_single.json"},{"json":"/pa/units/orbital/defense_satellite/defense_satellite.json"}],"hotbuild8s":[{"json":"/pa/units/land/air_defense_adv/air_defense_adv.json"},{"json":"/pa/units/land/air_defense/air_defense.json"}],"hotbuild9s":[{"json":"/pa/units/land/tactical_missile_launcher/tactical_missile_launcher.json"},{"json":"/pa/units/land/artillery_short/artillery_short.json"},{"json":"/pa/units/land/artillery_long/artillery_long.json"},{"json":"/pa/units/land/tank_heavy_mortar/tank_heavy_mortar.json"},{"json":"/pa/units/sea/missile_ship/missile_ship.json"}],"hotbuild10s":[{"json":"/pa/units/land/energy_storage/energy_storage.json"},{"json":"/pa/units/land/metal_storage/metal_storage.json"}],"hotbuild11s":[{"json":"/pa/units/orbital/ion_defense/ion_defense.json"},{"json":"/pa/units/orbital/delta_v_engine/delta_v_engine.json"},{"json":"/pa/units/land/teleporter/teleporter.json"},{"json":"/pa/units/land/control_module/control_module.json"}],"hotbuild12s":[{"json":"/pa/units/land/nuke_launcher/nuke_launcher.json"},{"json":"/pa/units/land/anti_nuke_launcher/anti_nuke_launcher.json"}],"hotbuild13s":[{"json":"/pa/units/land/land_barrier/land_barrier.json"}],"hotbuild14s":[{"json":"/pa/units/sea/torpedo_launcher/torpedo_launcher.json"}]}}